id,pin_url,image_url,image_filename,detected_object,probability_pct,box_x1,box_y1,box_x2,box_y2,status,error
1,https://in.pinterest.com/pin/4081455907315965/,https://i.pinimg.com/236x/73/82/78/7382781b71009c6a37c22f15a0216fd1.jpg,001_theme.jpg,sofa,99.8,31,177,145,270,ok,
1,https://in.pinterest.com/pin/4081455907315965/,https://i.pinimg.com/236x/73/82/78/7382781b71009c6a37c22f15a0216fd1.jpg,001_theme.jpg,pottedplant,99.9,59,82,100,125,ok,
1,https://in.pinterest.com/pin/4081455907315965/,https://i.pinimg.com/236x/73/82/78/7382781b71009c6a37c22f15a0216fd1.jpg,001_theme.jpg,pottedplant,100,125,111,175,232,ok,
1,https://in.pinterest.com/pin/4081455907315965/,https://i.pinimg.com/236x/73/82/78/7382781b71009c6a37c22f15a0216fd1.jpg,001_theme.jpg,pottedplant,100,187,168,208,220,ok,
1,https://in.pinterest.com/pin/4081455907315965/,https://i.pinimg.com/236x/73/82/78/7382781b71009c6a37c22f15a0216fd1.jpg,001_theme.jpg,pottedplant,99.4,0,149,25,180,ok,
1,https://in.pinterest.com/pin/4081455907315965/,https://i.pinimg.com/236x/73/82/78/7382781b71009c6a37c22f15a0216fd1.jpg,001_theme.jpg,pottedplant,100,3,182,80,348,ok,
2,https://in.pinterest.com/pin/10766486606563151/,https://i.pinimg.com/236x/14/a3/d9/14a3d99bc9866bdaff29f9c746772811.jpg,002_theme.jpg,chair,88.2,0,251,59,324,ok,
2,https://in.pinterest.com/pin/10766486606563151/,https://i.pinimg.com/236x/14/a3/d9/14a3d99bc9866bdaff29f9c746772811.jpg,002_theme.jpg,sofa,100,85,251,236,341,ok,
2,https://in.pinterest.com/pin/10766486606563151/,https://i.pinimg.com/236x/14/a3/d9/14a3d99bc9866bdaff29f9c746772811.jpg,002_theme.jpg,sofa,97.2,121,310,235,472,ok,
2,https://in.pinterest.com/pin/10766486606563151/,https://i.pinimg.com/236x/14/a3/d9/14a3d99bc9866bdaff29f9c746772811.jpg,002_theme.jpg,pottedplant,100,83,250,108,283,ok,
3,https://in.pinterest.com/pin/297941331621153810/,https://i.pinimg.com/236x/3a/51/48/3a5148ce1f402f7d0c988def357a79a5.jpg,003_theme.jpg,vase,99.9,144,191,163,235,ok,
3,https://in.pinterest.com/pin/297941331621153810/,https://i.pinimg.com/236x/3a/51/48/3a5148ce1f402f7d0c988def357a79a5.jpg,003_theme.jpg,vase,99.8,16,225,45,271,ok,
4,https://in.pinterest.com/pin/1477812374087497/,https://i.pinimg.com/236x/ab/f2/80/abf280cbef5c88002088de60ea42fdb7.jpg,004_theme.jpg,sofa,99.9,9,196,212,301,ok,
4,https://in.pinterest.com/pin/1477812374087497/,https://i.pinimg.com/236x/ab/f2/80/abf280cbef5c88002088de60ea42fdb7.jpg,004_theme.jpg,pottedplant,99.7,39,181,81,249,ok,
4,https://in.pinterest.com/pin/1477812374087497/,https://i.pinimg.com/236x/ab/f2/80/abf280cbef5c88002088de60ea42fdb7.jpg,004_theme.jpg,pottedplant,99.8,209,104,226,122,ok,
4,https://in.pinterest.com/pin/1477812374087497/,https://i.pinimg.com/236x/ab/f2/80/abf280cbef5c88002088de60ea42fdb7.jpg,004_theme.jpg,book,99.7,63,247,93,259,ok,
4,https://in.pinterest.com/pin/1477812374087497/,https://i.pinimg.com/236x/ab/f2/80/abf280cbef5c88002088de60ea42fdb7.jpg,004_theme.jpg,book,99.9,209,262,234,276,ok,
4,https://in.pinterest.com/pin/1477812374087497/,https://i.pinimg.com/236x/ab/f2/80/abf280cbef5c88002088de60ea42fdb7.jpg,004_theme.jpg,vase,99.8,53,224,71,248,ok,
5,https://in.pinterest.com/pin/985231164849089/,https://i.pinimg.com/236x/c9/1b/bb/c91bbbc1441200f1e9f80ba243507bd5.jpg,005_theme.jpg,sofa,99.8,75,107,198,152,ok,
5,https://in.pinterest.com/pin/985231164849089/,https://i.pinimg.com/236x/c9/1b/bb/c91bbbc1441200f1e9f80ba243507bd5.jpg,005_theme.jpg,pottedplant,99.7,134,122,225,237,ok,
5,https://in.pinterest.com/pin/985231164849089/,https://i.pinimg.com/236x/c9/1b/bb/c91bbbc1441200f1e9f80ba243507bd5.jpg,005_theme.jpg,pottedplant,100,46,82,71,121,ok,
6,https://in.pinterest.com/pin/351912466672041/,https://i.pinimg.com/236x/32/7e/cb/327ecb53e08f289ff3255a061afce966.jpg,006_theme.jpg,chair,94.9,145,270,183,313,ok,
6,https://in.pinterest.com/pin/351912466672041/,https://i.pinimg.com/236x/32/7e/cb/327ecb53e08f289ff3255a061afce966.jpg,006_theme.jpg,chair,99,125,267,146,307,ok,
6,https://in.pinterest.com/pin/351912466672041/,https://i.pinimg.com/236x/32/7e/cb/327ecb53e08f289ff3255a061afce966.jpg,006_theme.jpg,sofa,99.9,5,306,228,505,ok,
6,https://in.pinterest.com/pin/351912466672041/,https://i.pinimg.com/236x/32/7e/cb/327ecb53e08f289ff3255a061afce966.jpg,006_theme.jpg,sofa,99.8,3,268,133,371,ok,
6,https://in.pinterest.com/pin/351912466672041/,https://i.pinimg.com/236x/32/7e/cb/327ecb53e08f289ff3255a061afce966.jpg,006_theme.jpg,pottedplant,99.9,10,213,86,269,ok,
6,https://in.pinterest.com/pin/351912466672041/,https://i.pinimg.com/236x/32/7e/cb/327ecb53e08f289ff3255a061afce966.jpg,006_theme.jpg,oven,79.7,198,217,228,283,ok,
6,https://in.pinterest.com/pin/351912466672041/,https://i.pinimg.com/236x/32/7e/cb/327ecb53e08f289ff3255a061afce966.jpg,006_theme.jpg,vase,99.6,157,321,169,339,ok,
7,https://in.pinterest.com/pin/70437490239853/,https://i.pinimg.com/236x/06/d8/33/06d83315c8e8ce9269c65ce4783e85e1.jpg,007_theme.jpg,bowl,99.2,120,282,152,306,ok,
7,https://in.pinterest.com/pin/70437490239853/,https://i.pinimg.com/236x/06/d8/33/06d83315c8e8ce9269c65ce4783e85e1.jpg,007_theme.jpg,chair,98.8,147,226,182,264,ok,
7,https://in.pinterest.com/pin/70437490239853/,https://i.pinimg.com/236x/06/d8/33/06d83315c8e8ce9269c65ce4783e85e1.jpg,007_theme.jpg,sofa,99.8,0,252,232,419,ok,
7,https://in.pinterest.com/pin/70437490239853/,https://i.pinimg.com/236x/06/d8/33/06d83315c8e8ce9269c65ce4783e85e1.jpg,007_theme.jpg,sofa,99.7,2,223,125,321,ok,
7,https://in.pinterest.com/pin/70437490239853/,https://i.pinimg.com/236x/06/d8/33/06d83315c8e8ce9269c65ce4783e85e1.jpg,007_theme.jpg,pottedplant,99.7,8,168,80,223,ok,
7,https://in.pinterest.com/pin/70437490239853/,https://i.pinimg.com/236x/06/d8/33/06d83315c8e8ce9269c65ce4783e85e1.jpg,007_theme.jpg,pottedplant,99.9,86,135,113,202,ok,
7,https://in.pinterest.com/pin/70437490239853/,https://i.pinimg.com/236x/06/d8/33/06d83315c8e8ce9269c65ce4783e85e1.jpg,007_theme.jpg,pottedplant,97.2,146,260,178,294,ok,
7,https://in.pinterest.com/pin/70437490239853/,https://i.pinimg.com/236x/06/d8/33/06d83315c8e8ce9269c65ce4783e85e1.jpg,007_theme.jpg,microwave,85.6,137,158,154,178,ok,
7,https://in.pinterest.com/pin/70437490239853/,https://i.pinimg.com/236x/06/d8/33/06d83315c8e8ce9269c65ce4783e85e1.jpg,007_theme.jpg,microwave,92.3,200,171,225,195,ok,
7,https://in.pinterest.com/pin/70437490239853/,https://i.pinimg.com/236x/06/d8/33/06d83315c8e8ce9269c65ce4783e85e1.jpg,007_theme.jpg,oven,91.5,199,171,226,233,ok,
8,https://in.pinterest.com/pin/351912466499361/,https://i.pinimg.com/236x/a0/f6/f8/a0f6f8b043fca073147fcb0f16367470.jpg,008_theme.jpg,cup,99.4,93,267,109,285,ok,
8,https://in.pinterest.com/pin/351912466499361/,https://i.pinimg.com/236x/a0/f6/f8/a0f6f8b043fca073147fcb0f16367470.jpg,008_theme.jpg,chair,99.9,113,200,140,241,ok,
8,https://in.pinterest.com/pin/351912466499361/,https://i.pinimg.com/236x/a0/f6/f8/a0f6f8b043fca073147fcb0f16367470.jpg,008_theme.jpg,chair,99.9,80,199,108,244,ok,
8,https://in.pinterest.com/pin/351912466499361/,https://i.pinimg.com/236x/a0/f6/f8/a0f6f8b043fca073147fcb0f16367470.jpg,008_theme.jpg,chair,99.8,141,200,165,240,ok,
8,https://in.pinterest.com/pin/351912466499361/,https://i.pinimg.com/236x/a0/f6/f8/a0f6f8b043fca073147fcb0f16367470.jpg,008_theme.jpg,sofa,98.2,170,198,235,306,ok,
8,https://in.pinterest.com/pin/351912466499361/,https://i.pinimg.com/236x/a0/f6/f8/a0f6f8b043fca073147fcb0f16367470.jpg,008_theme.jpg,pottedplant,99.6,107,243,144,284,ok,
8,https://in.pinterest.com/pin/351912466499361/,https://i.pinimg.com/236x/a0/f6/f8/a0f6f8b043fca073147fcb0f16367470.jpg,008_theme.jpg,oven,97.8,59,186,85,204,ok,
8,https://in.pinterest.com/pin/351912466499361/,https://i.pinimg.com/236x/a0/f6/f8/a0f6f8b043fca073147fcb0f16367470.jpg,008_theme.jpg,vase,96,113,259,138,288,ok,
9,https://in.pinterest.com/pin/1759287348614759/,https://i.pinimg.com/236x/81/55/91/8155910117367bfc5a4723fe59e7411b.jpg,009_theme.jpg,chair,78.4,161,202,233,252,ok,
9,https://in.pinterest.com/pin/1759287348614759/,https://i.pinimg.com/236x/81/55/91/8155910117367bfc5a4723fe59e7411b.jpg,009_theme.jpg,sofa,98.9,57,231,236,351,ok,
9,https://in.pinterest.com/pin/1759287348614759/,https://i.pinimg.com/236x/81/55/91/8155910117367bfc5a4723fe59e7411b.jpg,009_theme.jpg,sofa,73.6,159,196,235,256,ok,
9,https://in.pinterest.com/pin/1759287348614759/,https://i.pinimg.com/236x/81/55/91/8155910117367bfc5a4723fe59e7411b.jpg,009_theme.jpg,pottedplant,100,0,194,19,232,ok,
9,https://in.pinterest.com/pin/1759287348614759/,https://i.pinimg.com/236x/81/55/91/8155910117367bfc5a4723fe59e7411b.jpg,009_theme.jpg,pottedplant,99.5,139,144,185,223,ok,
9,https://in.pinterest.com/pin/1759287348614759/,https://i.pinimg.com/236x/81/55/91/8155910117367bfc5a4723fe59e7411b.jpg,009_theme.jpg,pottedplant,99.5,189,93,220,120,ok,
9,https://in.pinterest.com/pin/1759287348614759/,https://i.pinimg.com/236x/81/55/91/8155910117367bfc5a4723fe59e7411b.jpg,009_theme.jpg,tvmonitor,99.9,38,148,124,216,ok,
9,https://in.pinterest.com/pin/1759287348614759/,https://i.pinimg.com/236x/81/55/91/8155910117367bfc5a4723fe59e7411b.jpg,009_theme.jpg,book,100,187,146,191,164,ok,
9,https://in.pinterest.com/pin/1759287348614759/,https://i.pinimg.com/236x/81/55/91/8155910117367bfc5a4723fe59e7411b.jpg,009_theme.jpg,book,100,187,168,191,183,ok,
9,https://in.pinterest.com/pin/1759287348614759/,https://i.pinimg.com/236x/81/55/91/8155910117367bfc5a4723fe59e7411b.jpg,009_theme.jpg,book,100,181,167,185,183,ok,
9,https://in.pinterest.com/pin/1759287348614759/,https://i.pinimg.com/236x/81/55/91/8155910117367bfc5a4723fe59e7411b.jpg,009_theme.jpg,book,100,181,187,184,204,ok,
9,https://in.pinterest.com/pin/1759287348614759/,https://i.pinimg.com/236x/81/55/91/8155910117367bfc5a4723fe59e7411b.jpg,009_theme.jpg,book,100,187,187,191,204,ok,
9,https://in.pinterest.com/pin/1759287348614759/,https://i.pinimg.com/236x/81/55/91/8155910117367bfc5a4723fe59e7411b.jpg,009_theme.jpg,book,100,181,146,185,163,ok,
10,https://in.pinterest.com/pin/492649953383574/,https://i.pinimg.com/236x/e1/89/ef/e189efd3419a259437e6378784a5b7b4.jpg,010_theme.jpg,chair,98.6,0,204,72,253,ok,
10,https://in.pinterest.com/pin/492649953383574/,https://i.pinimg.com/236x/e1/89/ef/e189efd3419a259437e6378784a5b7b4.jpg,010_theme.jpg,chair,91.3,46,149,90,180,ok,
10,https://in.pinterest.com/pin/492649953383574/,https://i.pinimg.com/236x/e1/89/ef/e189efd3419a259437e6378784a5b7b4.jpg,010_theme.jpg,chair,94.7,86,209,142,239,ok,
10,https://in.pinterest.com/pin/492649953383574/,https://i.pinimg.com/236x/e1/89/ef/e189efd3419a259437e6378784a5b7b4.jpg,010_theme.jpg,sofa,84.5,36,147,105,200,ok,
10,https://in.pinterest.com/pin/492649953383574/,https://i.pinimg.com/236x/e1/89/ef/e189efd3419a259437e6378784a5b7b4.jpg,010_theme.jpg,pottedplant,97.6,94,142,130,179,ok,
10,https://in.pinterest.com/pin/492649953383574/,https://i.pinimg.com/236x/e1/89/ef/e189efd3419a259437e6378784a5b7b4.jpg,010_theme.jpg,diningtable,94.7,21,234,207,292,ok,
10,https://in.pinterest.com/pin/492649953383574/,https://i.pinimg.com/236x/e1/89/ef/e189efd3419a259437e6378784a5b7b4.jpg,010_theme.jpg,tvmonitor,97.7,205,115,231,153,ok,
11,https://in.pinterest.com/pin/1548181186058405/,https://i.pinimg.com/236x/c7/f9/9b/c7f99b17321dc7d29244dd45fe6183df.jpg,011_theme.jpg,sofa,100,102,206,236,329,ok,
11,https://in.pinterest.com/pin/1548181186058405/,https://i.pinimg.com/236x/c7/f9/9b/c7f99b17321dc7d29244dd45fe6183df.jpg,011_theme.jpg,pottedplant,100,96,160,135,241,ok,
11,https://in.pinterest.com/pin/1548181186058405/,https://i.pinimg.com/236x/c7/f9/9b/c7f99b17321dc7d29244dd45fe6183df.jpg,011_theme.jpg,pottedplant,99.8,176,114,206,184,ok,
11,https://in.pinterest.com/pin/1548181186058405/,https://i.pinimg.com/236x/c7/f9/9b/c7f99b17321dc7d29244dd45fe6183df.jpg,011_theme.jpg,vase,99.6,51,207,63,225,ok,
12,https://in.pinterest.com/pin/6403624465917378/,https://i.pinimg.com/236x/61/d1/c6/61d1c65e31ea639cdefeb041a998898d.jpg,012_theme.jpg,sofa,99.9,88,155,235,343,ok,
12,https://in.pinterest.com/pin/6403624465917378/,https://i.pinimg.com/236x/61/d1/c6/61d1c65e31ea639cdefeb041a998898d.jpg,012_theme.jpg,pottedplant,100,112,94,170,172,ok,
12,https://in.pinterest.com/pin/6403624465917378/,https://i.pinimg.com/236x/61/d1/c6/61d1c65e31ea639cdefeb041a998898d.jpg,012_theme.jpg,vase,87,37,215,54,251,ok,
13,https://in.pinterest.com/pin/70437490543653/,https://i.pinimg.com/236x/fb/2f/97/fb2f979ef73216333431bb80988ba134.jpg,013_theme.jpg,sofa,99.9,0,157,202,296,ok,
13,https://in.pinterest.com/pin/70437490543653/,https://i.pinimg.com/236x/fb/2f/97/fb2f979ef73216333431bb80988ba134.jpg,013_theme.jpg,pottedplant,100,132,88,168,169,ok,
13,https://in.pinterest.com/pin/70437490543653/,https://i.pinimg.com/236x/fb/2f/97/fb2f979ef73216333431bb80988ba134.jpg,013_theme.jpg,pottedplant,100,7,126,50,163,ok,
13,https://in.pinterest.com/pin/70437490543653/,https://i.pinimg.com/236x/fb/2f/97/fb2f979ef73216333431bb80988ba134.jpg,013_theme.jpg,book,98.7,192,220,222,234,ok,
13,https://in.pinterest.com/pin/70437490543653/,https://i.pinimg.com/236x/fb/2f/97/fb2f979ef73216333431bb80988ba134.jpg,013_theme.jpg,vase,99.2,17,150,33,164,ok,
14,https://in.pinterest.com/pin/70437490580437/,https://i.pinimg.com/236x/1f/0e/5c/1f0e5c93335c007ca357fbb7c6161f3e.jpg,014_theme.jpg,sofa,99.8,29,209,215,291,ok,
14,https://in.pinterest.com/pin/70437490580437/,https://i.pinimg.com/236x/1f/0e/5c/1f0e5c93335c007ca357fbb7c6161f3e.jpg,014_theme.jpg,pottedplant,100,21,103,84,212,ok,
14,https://in.pinterest.com/pin/70437490580437/,https://i.pinimg.com/236x/1f/0e/5c/1f0e5c93335c007ca357fbb7c6161f3e.jpg,014_theme.jpg,tvmonitor,99.7,1,199,21,254,ok,
14,https://in.pinterest.com/pin/70437490580437/,https://i.pinimg.com/236x/1f/0e/5c/1f0e5c93335c007ca357fbb7c6161f3e.jpg,014_theme.jpg,vase,95.4,103,238,117,257,ok,
14,https://in.pinterest.com/pin/70437490580437/,https://i.pinimg.com/236x/1f/0e/5c/1f0e5c93335c007ca357fbb7c6161f3e.jpg,014_theme.jpg,vase,90.4,90,248,100,259,ok,
15,https://in.pinterest.com/pin/914862421053414/,https://i.pinimg.com/videos/thumbnails/originals/f2/1b/7f/f21b7fd8ee731f7d71a5efa1c929ed70.0000000.jpg,015_theme.jpg,chair,91.5,879,1463,1069,1891,ok,
15,https://in.pinterest.com/pin/914862421053414/,https://i.pinimg.com/videos/thumbnails/originals/f2/1b/7f/f21b7fd8ee731f7d71a5efa1c929ed70.0000000.jpg,015_theme.jpg,pottedplant,99.6,82,657,615,1219,ok,
15,https://in.pinterest.com/pin/914862421053414/,https://i.pinimg.com/videos/thumbnails/originals/f2/1b/7f/f21b7fd8ee731f7d71a5efa1c929ed70.0000000.jpg,015_theme.jpg,pottedplant,100,559,227,708,580,ok,
15,https://in.pinterest.com/pin/914862421053414/,https://i.pinimg.com/videos/thumbnails/originals/f2/1b/7f/f21b7fd8ee731f7d71a5efa1c929ed70.0000000.jpg,015_theme.jpg,pottedplant,99,24,1487,422,1920,ok,
15,https://in.pinterest.com/pin/914862421053414/,https://i.pinimg.com/videos/thumbnails/originals/f2/1b/7f/f21b7fd8ee731f7d71a5efa1c929ed70.0000000.jpg,015_theme.jpg,pottedplant,99.9,755,339,888,604,ok,
15,https://in.pinterest.com/pin/914862421053414/,https://i.pinimg.com/videos/thumbnails/originals/f2/1b/7f/f21b7fd8ee731f7d71a5efa1c929ed70.0000000.jpg,015_theme.jpg,book,99.9,61,1220,304,1405,ok,
16,https://in.pinterest.com/pin/914862421321639/,https://i.pinimg.com/236x/68/27/a9/6827a91fde2a96eb5c210c5abf7a391b.jpg,016_theme.jpg,sofa,92,0,144,93,301,ok,
16,https://in.pinterest.com/pin/914862421321639/,https://i.pinimg.com/236x/68/27/a9/6827a91fde2a96eb5c210c5abf7a391b.jpg,016_theme.jpg,vase,99.9,124,181,183,285,ok,
17,https://in.pinterest.com/pin/342414377940781370/,https://i.pinimg.com/236x/8f/9b/35/8f9b35603d5e7d23003852f664b0d828.jpg,017_theme.jpg,sofa,99.8,62,206,233,293,ok,
17,https://in.pinterest.com/pin/342414377940781370/,https://i.pinimg.com/236x/8f/9b/35/8f9b35603d5e7d23003852f664b0d828.jpg,017_theme.jpg,pottedplant,100,97,150,182,217,ok,
17,https://in.pinterest.com/pin/342414377940781370/,https://i.pinimg.com/236x/8f/9b/35/8f9b35603d5e7d23003852f664b0d828.jpg,017_theme.jpg,vase,99.8,152,253,174,279,ok,
17,https://in.pinterest.com/pin/342414377940781370/,https://i.pinimg.com/236x/8f/9b/35/8f9b35603d5e7d23003852f664b0d828.jpg,017_theme.jpg,vase,99.2,176,284,232,352,ok,
18,https://in.pinterest.com/pin/2744449769323344/,https://i.pinimg.com/236x/e1/de/93/e1de938245bfc2d90d6f593ac115f841.jpg,018_theme.jpg,sofa,99.6,0,190,123,312,ok,
18,https://in.pinterest.com/pin/2744449769323344/,https://i.pinimg.com/236x/e1/de/93/e1de938245bfc2d90d6f593ac115f841.jpg,018_theme.jpg,sofa,98.5,205,196,233,302,ok,
18,https://in.pinterest.com/pin/2744449769323344/,https://i.pinimg.com/236x/e1/de/93/e1de938245bfc2d90d6f593ac115f841.jpg,018_theme.jpg,sofa,99.9,141,153,233,242,ok,
18,https://in.pinterest.com/pin/2744449769323344/,https://i.pinimg.com/236x/e1/de/93/e1de938245bfc2d90d6f593ac115f841.jpg,018_theme.jpg,pottedplant,100,122,96,165,184,ok,
19,https://in.pinterest.com/pin/633387443480739/,https://i.pinimg.com/236x/dc/7b/fa/dc7bfa844c42054f61fe9a72b6d74f4a.jpg,019_theme.jpg,chair,90.3,66,178,191,303,ok,
19,https://in.pinterest.com/pin/633387443480739/,https://i.pinimg.com/236x/dc/7b/fa/dc7bfa844c42054f61fe9a72b6d74f4a.jpg,019_theme.jpg,pottedplant,99.3,26,174,81,222,ok,
19,https://in.pinterest.com/pin/633387443480739/,https://i.pinimg.com/236x/dc/7b/fa/dc7bfa844c42054f61fe9a72b6d74f4a.jpg,019_theme.jpg,pottedplant,99.9,178,242,236,338,ok,
19,https://in.pinterest.com/pin/633387443480739/,https://i.pinimg.com/236x/dc/7b/fa/dc7bfa844c42054f61fe9a72b6d74f4a.jpg,019_theme.jpg,pottedplant,99.2,0,227,27,306,ok,
20,https://in.pinterest.com/pin/492649954241926/,https://i.pinimg.com/236x/0d/21/8a/0d218a24264433b75c9269b722cc5d2b.jpg,020_theme.jpg,chair,93.5,0,226,88,343,ok,
20,https://in.pinterest.com/pin/492649954241926/,https://i.pinimg.com/236x/0d/21/8a/0d218a24264433b75c9269b722cc5d2b.jpg,020_theme.jpg,pottedplant,99.6,0,113,109,253,ok,
20,https://in.pinterest.com/pin/492649954241926/,https://i.pinimg.com/236x/0d/21/8a/0d218a24264433b75c9269b722cc5d2b.jpg,020_theme.jpg,pottedplant,100,198,208,234,267,ok,
20,https://in.pinterest.com/pin/492649954241926/,https://i.pinimg.com/236x/0d/21/8a/0d218a24264433b75c9269b722cc5d2b.jpg,020_theme.jpg,pottedplant,100,76,222,120,259,ok,
21,https://in.pinterest.com/pin/1055599908253164/,https://i.pinimg.com/236x/65/00/af/6500af8accee5c708f66236b68acd4b1.jpg,021_theme.jpg,sofa,99.8,120,154,236,237,ok,
21,https://in.pinterest.com/pin/1055599908253164/,https://i.pinimg.com/236x/65/00/af/6500af8accee5c708f66236b68acd4b1.jpg,021_theme.jpg,book,99.6,162,272,220,306,ok,
21,https://in.pinterest.com/pin/1055599908253164/,https://i.pinimg.com/236x/65/00/af/6500af8accee5c708f66236b68acd4b1.jpg,021_theme.jpg,book,99.8,99,141,102,153,ok,
21,https://in.pinterest.com/pin/1055599908253164/,https://i.pinimg.com/236x/65/00/af/6500af8accee5c708f66236b68acd4b1.jpg,021_theme.jpg,vase,97.5,89,185,102,203,ok,
22,https://in.pinterest.com/pin/703756188333392/,https://i.pinimg.com/236x/9d/c8/b5/9dc8b5f799a691400dccf7b6cc164a1b.jpg,022_theme.jpg,chair,99.1,4,233,77,324,ok,
22,https://in.pinterest.com/pin/703756188333392/,https://i.pinimg.com/236x/9d/c8/b5/9dc8b5f799a691400dccf7b6cc164a1b.jpg,022_theme.jpg,sofa,98.6,86,179,195,267,ok,
22,https://in.pinterest.com/pin/703756188333392/,https://i.pinimg.com/236x/9d/c8/b5/9dc8b5f799a691400dccf7b6cc164a1b.jpg,022_theme.jpg,pottedplant,100,73,100,113,184,ok,
22,https://in.pinterest.com/pin/703756188333392/,https://i.pinimg.com/236x/9d/c8/b5/9dc8b5f799a691400dccf7b6cc164a1b.jpg,022_theme.jpg,pottedplant,100,131,127,166,183,ok,
22,https://in.pinterest.com/pin/703756188333392/,https://i.pinimg.com/236x/9d/c8/b5/9dc8b5f799a691400dccf7b6cc164a1b.jpg,022_theme.jpg,pottedplant,100,0,3,79,240,ok,
22,https://in.pinterest.com/pin/703756188333392/,https://i.pinimg.com/236x/9d/c8/b5/9dc8b5f799a691400dccf7b6cc164a1b.jpg,022_theme.jpg,pottedplant,99.7,42,181,58,207,ok,
22,https://in.pinterest.com/pin/703756188333392/,https://i.pinimg.com/236x/9d/c8/b5/9dc8b5f799a691400dccf7b6cc164a1b.jpg,022_theme.jpg,book,99.9,186,218,216,228,ok,
22,https://in.pinterest.com/pin/703756188333392/,https://i.pinimg.com/236x/9d/c8/b5/9dc8b5f799a691400dccf7b6cc164a1b.jpg,022_theme.jpg,book,100,185,223,216,233,ok,
22,https://in.pinterest.com/pin/703756188333392/,https://i.pinimg.com/236x/9d/c8/b5/9dc8b5f799a691400dccf7b6cc164a1b.jpg,022_theme.jpg,book,100,179,230,216,240,ok,
23,https://in.pinterest.com/pin/353462270776669510/,https://i.pinimg.com/236x/0a/07/0d/0a070d981a5b7b1c817801aa9df8d239.jpg,023_theme.jpg,bowl,96.9,48,231,80,246,ok,
23,https://in.pinterest.com/pin/353462270776669510/,https://i.pinimg.com/236x/0a/07/0d/0a070d981a5b7b1c817801aa9df8d239.jpg,023_theme.jpg,sofa,98.4,3,149,107,256,ok,
23,https://in.pinterest.com/pin/353462270776669510/,https://i.pinimg.com/236x/0a/07/0d/0a070d981a5b7b1c817801aa9df8d239.jpg,023_theme.jpg,sofa,95.5,23,253,236,421,ok,
23,https://in.pinterest.com/pin/353462270776669510/,https://i.pinimg.com/236x/0a/07/0d/0a070d981a5b7b1c817801aa9df8d239.jpg,023_theme.jpg,pottedplant,99.7,50,84,112,167,ok,
23,https://in.pinterest.com/pin/353462270776669510/,https://i.pinimg.com/236x/0a/07/0d/0a070d981a5b7b1c817801aa9df8d239.jpg,023_theme.jpg,book,99.5,95,216,126,231,ok,
23,https://in.pinterest.com/pin/353462270776669510/,https://i.pinimg.com/236x/0a/07/0d/0a070d981a5b7b1c817801aa9df8d239.jpg,023_theme.jpg,book,99.9,85,220,130,239,ok,
23,https://in.pinterest.com/pin/353462270776669510/,https://i.pinimg.com/236x/0a/07/0d/0a070d981a5b7b1c817801aa9df8d239.jpg,023_theme.jpg,book,99.8,72,240,106,258,ok,
23,https://in.pinterest.com/pin/353462270776669510/,https://i.pinimg.com/236x/0a/07/0d/0a070d981a5b7b1c817801aa9df8d239.jpg,023_theme.jpg,book,99.9,88,229,136,246,ok,
24,https://in.pinterest.com/pin/140806234402711/,https://i.pinimg.com/236x/0f/2a/23/0f2a23d0c2ac8e4ca2e46d2bdf324560.jpg,024_theme.jpg,sofa,100,0,206,235,331,ok,
24,https://in.pinterest.com/pin/140806234402711/,https://i.pinimg.com/236x/0f/2a/23/0f2a23d0c2ac8e4ca2e46d2bdf324560.jpg,024_theme.jpg,pottedplant,99.9,1,141,66,220,ok,
24,https://in.pinterest.com/pin/140806234402711/,https://i.pinimg.com/236x/0f/2a/23/0f2a23d0c2ac8e4ca2e46d2bdf324560.jpg,024_theme.jpg,pottedplant,100,155,119,220,174,ok,
24,https://in.pinterest.com/pin/140806234402711/,https://i.pinimg.com/236x/0f/2a/23/0f2a23d0c2ac8e4ca2e46d2bdf324560.jpg,024_theme.jpg,book,97.6,16,280,64,301,ok,
25,https://in.pinterest.com/pin/281543725831092/,https://i.pinimg.com/236x/25/90/b8/2590b8d812bcffe1504d4e821923adf1.jpg,025_theme.jpg,bed,98.3,90,216,223,328,ok,
25,https://in.pinterest.com/pin/281543725831092/,https://i.pinimg.com/236x/25/90/b8/2590b8d812bcffe1504d4e821923adf1.jpg,025_theme.jpg,book,99.5,6,21,152,275,ok,
25,https://in.pinterest.com/pin/281543725831092/,https://i.pinimg.com/236x/25/90/b8/2590b8d812bcffe1504d4e821923adf1.jpg,025_theme.jpg,book,100,110,147,130,152,ok,
26,https://in.pinterest.com/pin/8162843070079408/,https://i.pinimg.com/236x/4a/38/d5/4a38d500d2e95846e6a2fd8d84e73aa2.jpg,026_theme.jpg,chair,100,82,252,141,353,ok,
26,https://in.pinterest.com/pin/8162843070079408/,https://i.pinimg.com/236x/4a/38/d5/4a38d500d2e95846e6a2fd8d84e73aa2.jpg,026_theme.jpg,book,86.6,0,0,236,302,ok,
26,https://in.pinterest.com/pin/8162843070079408/,https://i.pinimg.com/236x/4a/38/d5/4a38d500d2e95846e6a2fd8d84e73aa2.jpg,026_theme.jpg,book,99.2,190,339,234,388,ok,
27,https://in.pinterest.com/pin/1266706141234227/,https://i.pinimg.com/236x/41/38/7b/41387bc3ab932636ec545ea1a88b7848.jpg,027_theme.jpg,chair,100,69,221,105,278,ok,
27,https://in.pinterest.com/pin/1266706141234227/,https://i.pinimg.com/236x/41/38/7b/41387bc3ab932636ec545ea1a88b7848.jpg,027_theme.jpg,bed,99.8,1,217,234,410,ok,
27,https://in.pinterest.com/pin/1266706141234227/,https://i.pinimg.com/236x/41/38/7b/41387bc3ab932636ec545ea1a88b7848.jpg,027_theme.jpg,bed,70.6,100,216,235,318,ok,
28,https://in.pinterest.com/pin/211174978609734/,https://i.pinimg.com/236x/01/8c/02/018c02230e243ba356010ae4fd989c77.jpg,028_theme.jpg,,,,,,,no_detections,
29,https://in.pinterest.com/pin/5136987069667604/,https://i.pinimg.com/236x/2a/89/f4/2a89f46baa0f1ad94b5477957cdba6c8.jpg,029_theme.jpg,sofa,69.2,154,373,228,412,ok,
29,https://in.pinterest.com/pin/5136987069667604/,https://i.pinimg.com/236x/2a/89/f4/2a89f46baa0f1ad94b5477957cdba6c8.jpg,029_theme.jpg,book,100,24,247,29,268,ok,
30,https://in.pinterest.com/pin/2533343538373750/,https://i.pinimg.com/236x/ca/13/5a/ca135ae3015566f89cc9cb3079e79336.jpg,030_theme.jpg,sofa,99.7,85,194,235,304,ok,
30,https://in.pinterest.com/pin/2533343538373750/,https://i.pinimg.com/236x/ca/13/5a/ca135ae3015566f89cc9cb3079e79336.jpg,030_theme.jpg,sofa,92.4,0,194,72,259,ok,
30,https://in.pinterest.com/pin/2533343538373750/,https://i.pinimg.com/236x/ca/13/5a/ca135ae3015566f89cc9cb3079e79336.jpg,030_theme.jpg,pottedplant,100,72,179,99,237,ok,
30,https://in.pinterest.com/pin/2533343538373750/,https://i.pinimg.com/236x/ca/13/5a/ca135ae3015566f89cc9cb3079e79336.jpg,030_theme.jpg,book,95,16,254,52,267,ok,
31,https://in.pinterest.com/pin/10485011673397511/,https://i.pinimg.com/236x/e6/49/58/e64958ef8383647f0fd6b962d672bc13.jpg,031_theme.jpg,bowl,99.6,0,241,36,259,ok,
31,https://in.pinterest.com/pin/10485011673397511/,https://i.pinimg.com/236x/e6/49/58/e64958ef8383647f0fd6b962d672bc13.jpg,031_theme.jpg,sofa,99.8,0,173,140,273,ok,
31,https://in.pinterest.com/pin/10485011673397511/,https://i.pinimg.com/236x/e6/49/58/e64958ef8383647f0fd6b962d672bc13.jpg,031_theme.jpg,sofa,99.3,146,192,236,345,ok,
31,https://in.pinterest.com/pin/10485011673397511/,https://i.pinimg.com/236x/e6/49/58/e64958ef8383647f0fd6b962d672bc13.jpg,031_theme.jpg,pottedplant,99.7,149,164,187,198,ok,
32,https://in.pinterest.com/pin/4081455907266952/,https://i.pinimg.com/236x/a7/0b/c5/a70bc5145b1072879faaf0e1c65b32c8.jpg,032_theme.jpg,sofa,93.7,0,157,117,319,ok,
32,https://in.pinterest.com/pin/4081455907266952/,https://i.pinimg.com/236x/a7/0b/c5/a70bc5145b1072879faaf0e1c65b32c8.jpg,032_theme.jpg,sofa,99.7,30,133,193,230,ok,
32,https://in.pinterest.com/pin/4081455907266952/,https://i.pinimg.com/236x/a7/0b/c5/a70bc5145b1072879faaf0e1c65b32c8.jpg,032_theme.jpg,pottedplant,100,173,71,226,190,ok,
33,https://in.pinterest.com/pin/2533343538059989/,https://i.pinimg.com/236x/ff/48/75/ff4875553529b98ae5914db0f44ed56d.jpg,033_theme.jpg,chair,78.7,166,250,235,319,ok,
33,https://in.pinterest.com/pin/2533343538059989/,https://i.pinimg.com/236x/ff/48/75/ff4875553529b98ae5914db0f44ed56d.jpg,033_theme.jpg,sofa,99.8,0,241,144,351,ok,
33,https://in.pinterest.com/pin/2533343538059989/,https://i.pinimg.com/236x/ff/48/75/ff4875553529b98ae5914db0f44ed56d.jpg,033_theme.jpg,sofa,70.8,166,242,235,327,ok,
33,https://in.pinterest.com/pin/2533343538059989/,https://i.pinimg.com/236x/ff/48/75/ff4875553529b98ae5914db0f44ed56d.jpg,033_theme.jpg,sofa,81.5,4,318,115,466,ok,
33,https://in.pinterest.com/pin/2533343538059989/,https://i.pinimg.com/236x/ff/48/75/ff4875553529b98ae5914db0f44ed56d.jpg,033_theme.jpg,pottedplant,99.7,155,289,174,313,ok,
33,https://in.pinterest.com/pin/2533343538059989/,https://i.pinimg.com/236x/ff/48/75/ff4875553529b98ae5914db0f44ed56d.jpg,033_theme.jpg,pottedplant,99.9,124,204,158,280,ok,
34,https://in.pinterest.com/pin/844493675661399/,https://i.pinimg.com/236x/c9/82/47/c982477f63d2fed0b4a833965149808a.jpg,034_theme.jpg,person,100,55,40,81,100,ok,
34,https://in.pinterest.com/pin/844493675661399/,https://i.pinimg.com/236x/c9/82/47/c982477f63d2fed0b4a833965149808a.jpg,034_theme.jpg,bowl,96.7,75,434,97,445,ok,
34,https://in.pinterest.com/pin/844493675661399/,https://i.pinimg.com/236x/c9/82/47/c982477f63d2fed0b4a833965149808a.jpg,034_theme.jpg,chair,99.7,8,403,40,418,ok,
34,https://in.pinterest.com/pin/844493675661399/,https://i.pinimg.com/236x/c9/82/47/c982477f63d2fed0b4a833965149808a.jpg,034_theme.jpg,chair,99.3,4,422,39,471,ok,
35,https://in.pinterest.com/pin/422281211734956/,https://i.pinimg.com/236x/58/58/8a/58588a86f408a73c1f1c6b6252c30639.jpg,035_theme.jpg,sofa,99.8,8,178,235,346,ok,
35,https://in.pinterest.com/pin/422281211734956/,https://i.pinimg.com/236x/58/58/8a/58588a86f408a73c1f1c6b6252c30639.jpg,035_theme.jpg,pottedplant,100,205,80,233,145,ok,
36,https://in.pinterest.com/pin/573223858840241637/,https://i.pinimg.com/236x/e3/6f/21/e36f21d3b90c33e55c5f11d947df85df.jpg,036_theme.jpg,sofa,98.6,0,245,112,363,ok,
36,https://in.pinterest.com/pin/573223858840241637/,https://i.pinimg.com/236x/e3/6f/21/e36f21d3b90c33e55c5f11d947df85df.jpg,036_theme.jpg,pottedplant,100,105,227,171,310,ok,
36,https://in.pinterest.com/pin/573223858840241637/,https://i.pinimg.com/236x/e3/6f/21/e36f21d3b90c33e55c5f11d947df85df.jpg,036_theme.jpg,vase,99.8,124,277,152,308,ok,
37,https://in.pinterest.com/pin/12033123999625264/,https://i.pinimg.com/236x/b5/f6/3b/b5f63bdb8cac1bc2ab975e1d02c9f84b.jpg,037_theme.jpg,chair,97,0,180,61,287,ok,
37,https://in.pinterest.com/pin/12033123999625264/,https://i.pinimg.com/236x/b5/f6/3b/b5f63bdb8cac1bc2ab975e1d02c9f84b.jpg,037_theme.jpg,sofa,84.7,105,252,236,419,ok,
37,https://in.pinterest.com/pin/12033123999625264/,https://i.pinimg.com/236x/b5/f6/3b/b5f63bdb8cac1bc2ab975e1d02c9f84b.jpg,037_theme.jpg,sofa,99.9,103,183,236,286,ok,
37,https://in.pinterest.com/pin/12033123999625264/,https://i.pinimg.com/236x/b5/f6/3b/b5f63bdb8cac1bc2ab975e1d02c9f84b.jpg,037_theme.jpg,pottedplant,99.3,66,237,85,264,ok,
37,https://in.pinterest.com/pin/12033123999625264/,https://i.pinimg.com/236x/b5/f6/3b/b5f63bdb8cac1bc2ab975e1d02c9f84b.jpg,037_theme.jpg,pottedplant,100,61,83,98,117,ok,
37,https://in.pinterest.com/pin/12033123999625264/,https://i.pinimg.com/236x/b5/f6/3b/b5f63bdb8cac1bc2ab975e1d02c9f84b.jpg,037_theme.jpg,pottedplant,97.5,94,175,123,233,ok,
37,https://in.pinterest.com/pin/12033123999625264/,https://i.pinimg.com/236x/b5/f6/3b/b5f63bdb8cac1bc2ab975e1d02c9f84b.jpg,037_theme.jpg,book,99.8,79,155,84,170,ok,
37,https://in.pinterest.com/pin/12033123999625264/,https://i.pinimg.com/236x/b5/f6/3b/b5f63bdb8cac1bc2ab975e1d02c9f84b.jpg,037_theme.jpg,book,99.9,71,155,76,171,ok,
37,https://in.pinterest.com/pin/12033123999625264/,https://i.pinimg.com/236x/b5/f6/3b/b5f63bdb8cac1bc2ab975e1d02c9f84b.jpg,037_theme.jpg,book,100,72,181,76,197,ok,
37,https://in.pinterest.com/pin/12033123999625264/,https://i.pinimg.com/236x/b5/f6/3b/b5f63bdb8cac1bc2ab975e1d02c9f84b.jpg,037_theme.jpg,book,100,79,181,83,196,ok,
37,https://in.pinterest.com/pin/12033123999625264/,https://i.pinimg.com/236x/b5/f6/3b/b5f63bdb8cac1bc2ab975e1d02c9f84b.jpg,037_theme.jpg,book,100,40,155,45,174,ok,
37,https://in.pinterest.com/pin/12033123999625264/,https://i.pinimg.com/236x/b5/f6/3b/b5f63bdb8cac1bc2ab975e1d02c9f84b.jpg,037_theme.jpg,book,100,40,125,44,146,ok,
37,https://in.pinterest.com/pin/12033123999625264/,https://i.pinimg.com/236x/b5/f6/3b/b5f63bdb8cac1bc2ab975e1d02c9f84b.jpg,037_theme.jpg,clock,100,124,123,135,140,ok,
38,https://in.pinterest.com/pin/4714774604928267/,https://i.pinimg.com/236x/db/f3/04/dbf304b00c3fb4e7cb57fa3026ae583c.jpg,038_theme.jpg,sofa,99.8,84,184,236,296,ok,
38,https://in.pinterest.com/pin/4714774604928267/,https://i.pinimg.com/236x/db/f3/04/dbf304b00c3fb4e7cb57fa3026ae583c.jpg,038_theme.jpg,sofa,85,0,186,43,298,ok,
38,https://in.pinterest.com/pin/4714774604928267/,https://i.pinimg.com/236x/db/f3/04/dbf304b00c3fb4e7cb57fa3026ae583c.jpg,038_theme.jpg,pottedplant,99.9,27,140,81,245,ok,
38,https://in.pinterest.com/pin/4714774604928267/,https://i.pinimg.com/236x/db/f3/04/dbf304b00c3fb4e7cb57fa3026ae583c.jpg,038_theme.jpg,book,73.4,130,264,176,273,ok,
39,https://in.pinterest.com/pin/4855512094896780/,https://i.pinimg.com/236x/56/f0/86/56f086b9da010d8a5a0c9b4bf2d1158f.jpg,039_theme.jpg,chair,95.9,102,178,208,264,ok,
39,https://in.pinterest.com/pin/4855512094896780/,https://i.pinimg.com/236x/56/f0/86/56f086b9da010d8a5a0c9b4bf2d1158f.jpg,039_theme.jpg,chair,99,100,156,129,197,ok,
39,https://in.pinterest.com/pin/4855512094896780/,https://i.pinimg.com/236x/56/f0/86/56f086b9da010d8a5a0c9b4bf2d1158f.jpg,039_theme.jpg,chair,98.7,135,151,154,184,ok,
39,https://in.pinterest.com/pin/4855512094896780/,https://i.pinimg.com/236x/56/f0/86/56f086b9da010d8a5a0c9b4bf2d1158f.jpg,039_theme.jpg,pottedplant,100,16,103,56,194,ok,
39,https://in.pinterest.com/pin/4855512094896780/,https://i.pinimg.com/236x/56/f0/86/56f086b9da010d8a5a0c9b4bf2d1158f.jpg,039_theme.jpg,pottedplant,99.1,171,140,203,181,ok,
39,https://in.pinterest.com/pin/4855512094896780/,https://i.pinimg.com/236x/56/f0/86/56f086b9da010d8a5a0c9b4bf2d1158f.jpg,039_theme.jpg,refrigerator,99.8,144,109,170,170,ok,
39,https://in.pinterest.com/pin/4855512094896780/,https://i.pinimg.com/236x/56/f0/86/56f086b9da010d8a5a0c9b4bf2d1158f.jpg,039_theme.jpg,vase,99,0,184,15,206,ok,
40,https://in.pinterest.com/pin/1019995015636104755/,https://i.pinimg.com/236x/16/c4/95/16c49500ad77ba60b8f5e80a5950c491.jpg,040_theme.jpg,bowl,94.4,1,226,22,243,ok,
40,https://in.pinterest.com/pin/1019995015636104755/,https://i.pinimg.com/236x/16/c4/95/16c49500ad77ba60b8f5e80a5950c491.jpg,040_theme.jpg,chair,99.7,191,162,230,217,ok,
40,https://in.pinterest.com/pin/1019995015636104755/,https://i.pinimg.com/236x/16/c4/95/16c49500ad77ba60b8f5e80a5950c491.jpg,040_theme.jpg,sofa,100,55,161,168,227,ok,
40,https://in.pinterest.com/pin/1019995015636104755/,https://i.pinimg.com/236x/16/c4/95/16c49500ad77ba60b8f5e80a5950c491.jpg,040_theme.jpg,pottedplant,99.8,159,122,184,144,ok,
40,https://in.pinterest.com/pin/1019995015636104755/,https://i.pinimg.com/236x/16/c4/95/16c49500ad77ba60b8f5e80a5950c491.jpg,040_theme.jpg,book,100,0,200,29,209,ok,
40,https://in.pinterest.com/pin/1019995015636104755/,https://i.pinimg.com/236x/16/c4/95/16c49500ad77ba60b8f5e80a5950c491.jpg,040_theme.jpg,book,100,0,196,27,203,ok,
40,https://in.pinterest.com/pin/1019995015636104755/,https://i.pinimg.com/236x/16/c4/95/16c49500ad77ba60b8f5e80a5950c491.jpg,040_theme.jpg,book,100,1,190,24,198,ok,
40,https://in.pinterest.com/pin/1019995015636104755/,https://i.pinimg.com/236x/16/c4/95/16c49500ad77ba60b8f5e80a5950c491.jpg,040_theme.jpg,book,99.3,150,195,170,205,ok,
40,https://in.pinterest.com/pin/1019995015636104755/,https://i.pinimg.com/236x/16/c4/95/16c49500ad77ba60b8f5e80a5950c491.jpg,040_theme.jpg,vase,99.4,50,174,67,190,ok,
41,https://in.pinterest.com/pin/563018698972234/,https://i.pinimg.com/236x/3e/e0/2c/3ee02c227acef4612b9e3294edf8c92e.jpg,041_theme.jpg,pottedplant,99.9,32,185,81,231,ok,
41,https://in.pinterest.com/pin/563018698972234/,https://i.pinimg.com/236x/3e/e0/2c/3ee02c227acef4612b9e3294edf8c92e.jpg,041_theme.jpg,sink,99.9,60,234,105,246,ok,
41,https://in.pinterest.com/pin/563018698972234/,https://i.pinimg.com/236x/3e/e0/2c/3ee02c227acef4612b9e3294edf8c92e.jpg,041_theme.jpg,vase,98.7,95,216,102,229,ok,
41,https://in.pinterest.com/pin/563018698972234/,https://i.pinimg.com/236x/3e/e0/2c/3ee02c227acef4612b9e3294edf8c92e.jpg,041_theme.jpg,vase,99.5,51,220,62,237,ok,
42,https://in.pinterest.com/pin/2181499816477764/,https://i.pinimg.com/236x/3c/55/f4/3c55f4e4cf85f4e755cda28b9c0add3e.jpg,042_theme.jpg,sofa,96.4,32,216,205,327,ok,
42,https://in.pinterest.com/pin/2181499816477764/,https://i.pinimg.com/236x/3c/55/f4/3c55f4e4cf85f4e755cda28b9c0add3e.jpg,042_theme.jpg,pottedplant,99.9,34,84,61,117,ok,
42,https://in.pinterest.com/pin/2181499816477764/,https://i.pinimg.com/236x/3c/55/f4/3c55f4e4cf85f4e755cda28b9c0add3e.jpg,042_theme.jpg,pottedplant,99.9,0,242,31,317,ok,
42,https://in.pinterest.com/pin/2181499816477764/,https://i.pinimg.com/236x/3c/55/f4/3c55f4e4cf85f4e755cda28b9c0add3e.jpg,042_theme.jpg,pottedplant,99.9,157,254,233,334,ok,
42,https://in.pinterest.com/pin/2181499816477764/,https://i.pinimg.com/236x/3c/55/f4/3c55f4e4cf85f4e755cda28b9c0add3e.jpg,042_theme.jpg,pottedplant,100,0,38,32,85,ok,
42,https://in.pinterest.com/pin/2181499816477764/,https://i.pinimg.com/236x/3c/55/f4/3c55f4e4cf85f4e755cda28b9c0add3e.jpg,042_theme.jpg,book,100,47,171,51,193,ok,
42,https://in.pinterest.com/pin/2181499816477764/,https://i.pinimg.com/236x/3c/55/f4/3c55f4e4cf85f4e755cda28b9c0add3e.jpg,042_theme.jpg,book,99.8,42,171,45,193,ok,
42,https://in.pinterest.com/pin/2181499816477764/,https://i.pinimg.com/236x/3c/55/f4/3c55f4e4cf85f4e755cda28b9c0add3e.jpg,042_theme.jpg,book,99.9,54,134,58,152,ok,
42,https://in.pinterest.com/pin/2181499816477764/,https://i.pinimg.com/236x/3c/55/f4/3c55f4e4cf85f4e755cda28b9c0add3e.jpg,042_theme.jpg,book,100,53,171,57,192,ok,
43,https://in.pinterest.com/pin/703756188608518/,https://i.pinimg.com/236x/5f/03/66/5f03660c18d68c445bf87fa3c756c4c4.jpg,043_theme.jpg,chair,96.1,0,151,68,227,ok,
43,https://in.pinterest.com/pin/703756188608518/,https://i.pinimg.com/236x/5f/03/66/5f03660c18d68c445bf87fa3c756c4c4.jpg,043_theme.jpg,sofa,99.9,110,165,232,295,ok,
43,https://in.pinterest.com/pin/703756188608518/,https://i.pinimg.com/236x/5f/03/66/5f03660c18d68c445bf87fa3c756c4c4.jpg,043_theme.jpg,book,99.8,40,54,189,197,ok,
44,https://in.pinterest.com/pin/1266706141157309/,https://i.pinimg.com/236x/ac/9d/01/ac9d01c3f068d97c710d392f4a73a608.jpg,044_theme.jpg,chair,88.3,0,116,40,185,ok,
44,https://in.pinterest.com/pin/1266706141157309/,https://i.pinimg.com/236x/ac/9d/01/ac9d01c3f068d97c710d392f4a73a608.jpg,044_theme.jpg,sofa,99.9,28,105,214,172,ok,
44,https://in.pinterest.com/pin/1266706141157309/,https://i.pinimg.com/236x/ac/9d/01/ac9d01c3f068d97c710d392f4a73a608.jpg,044_theme.jpg,pottedplant,99.9,140,71,175,108,ok,
44,https://in.pinterest.com/pin/1266706141157309/,https://i.pinimg.com/236x/ac/9d/01/ac9d01c3f068d97c710d392f4a73a608.jpg,044_theme.jpg,pottedplant,99.7,206,106,236,159,ok,
44,https://in.pinterest.com/pin/1266706141157309/,https://i.pinimg.com/236x/ac/9d/01/ac9d01c3f068d97c710d392f4a73a608.jpg,044_theme.jpg,vase,99.5,95,128,105,150,ok,
44,https://in.pinterest.com/pin/1266706141157309/,https://i.pinimg.com/236x/ac/9d/01/ac9d01c3f068d97c710d392f4a73a608.jpg,044_theme.jpg,vase,99.7,82,86,91,104,ok,
45,https://in.pinterest.com/pin/1266706140909717/,https://i.pinimg.com/236x/85/9a/15/859a15da9150c1ad9dcbf0908ec7e082.jpg,045_theme.jpg,pottedplant,99.9,24,29,129,134,ok,
45,https://in.pinterest.com/pin/1266706140909717/,https://i.pinimg.com/236x/85/9a/15/859a15da9150c1ad9dcbf0908ec7e082.jpg,045_theme.jpg,vase,99.9,108,118,128,143,ok,
46,https://in.pinterest.com/pin/68749095116/,https://i.pinimg.com/236x/c9/8c/7c/c98c7ca186155e9f467443d3884627d5.jpg,046_theme.jpg,bowl,50.8,160,209,185,229,ok,
46,https://in.pinterest.com/pin/68749095116/,https://i.pinimg.com/236x/c9/8c/7c/c98c7ca186155e9f467443d3884627d5.jpg,046_theme.jpg,sofa,100,17,164,164,258,ok,
46,https://in.pinterest.com/pin/68749095116/,https://i.pinimg.com/236x/c9/8c/7c/c98c7ca186155e9f467443d3884627d5.jpg,046_theme.jpg,sofa,99.3,0,206,139,297,ok,
46,https://in.pinterest.com/pin/68749095116/,https://i.pinimg.com/236x/c9/8c/7c/c98c7ca186155e9f467443d3884627d5.jpg,046_theme.jpg,pottedplant,99.8,213,179,233,217,ok,
46,https://in.pinterest.com/pin/68749095116/,https://i.pinimg.com/236x/c9/8c/7c/c98c7ca186155e9f467443d3884627d5.jpg,046_theme.jpg,book,99.7,116,233,145,250,ok,
46,https://in.pinterest.com/pin/68749095116/,https://i.pinimg.com/236x/c9/8c/7c/c98c7ca186155e9f467443d3884627d5.jpg,046_theme.jpg,book,99.8,100,219,125,232,ok,
47,https://in.pinterest.com/pin/53832158043578204/,https://i.pinimg.com/videos/thumbnails/originals/77/e3/ef/77e3ef8253b5163805ce5f15903210c4.0000000.jpg,047_theme.jpg,cup,87.9,425,811,481,872,ok,
47,https://in.pinterest.com/pin/53832158043578204/,https://i.pinimg.com/videos/thumbnails/originals/77/e3/ef/77e3ef8253b5163805ce5f15903210c4.0000000.jpg,047_theme.jpg,chair,97.3,652,747,720,956,ok,
47,https://in.pinterest.com/pin/53832158043578204/,https://i.pinimg.com/videos/thumbnails/originals/77/e3/ef/77e3ef8253b5163805ce5f15903210c4.0000000.jpg,047_theme.jpg,sofa,92.7,0,747,332,962,ok,
47,https://in.pinterest.com/pin/53832158043578204/,https://i.pinimg.com/videos/thumbnails/originals/77/e3/ef/77e3ef8253b5163805ce5f15903210c4.0000000.jpg,047_theme.jpg,sofa,99.8,114,712,565,948,ok,
47,https://in.pinterest.com/pin/53832158043578204/,https://i.pinimg.com/videos/thumbnails/originals/77/e3/ef/77e3ef8253b5163805ce5f15903210c4.0000000.jpg,047_theme.jpg,pottedplant,100,371,448,720,793,ok,
48,https://in.pinterest.com/pin/422281211984862/,https://i.pinimg.com/236x/dc/35/65/dc35657d8ba86359943863631c4a71fe.jpg,048_theme.jpg,cat,84.8,157,186,195,203,ok,
48,https://in.pinterest.com/pin/422281211984862/,https://i.pinimg.com/236x/dc/35/65/dc35657d8ba86359943863631c4a71fe.jpg,048_theme.jpg,pottedplant,100,84,78,135,180,ok,
48,https://in.pinterest.com/pin/422281211984862/,https://i.pinimg.com/236x/dc/35/65/dc35657d8ba86359943863631c4a71fe.jpg,048_theme.jpg,pottedplant,100,0,113,24,150,ok,
48,https://in.pinterest.com/pin/422281211984862/,https://i.pinimg.com/236x/dc/35/65/dc35657d8ba86359943863631c4a71fe.jpg,048_theme.jpg,bed,99.9,51,152,236,282,ok,
49,https://in.pinterest.com/pin/12666442697434369/,https://i.pinimg.com/236x/04/4e/7b/044e7bb9a40164e607e08bca9bd7d3e8.jpg,049_theme.jpg,pottedplant,100,1,98,33,161,ok,
49,https://in.pinterest.com/pin/12666442697434369/,https://i.pinimg.com/236x/04/4e/7b/044e7bb9a40164e607e08bca9bd7d3e8.jpg,049_theme.jpg,pottedplant,100,112,82,156,156,ok,
49,https://in.pinterest.com/pin/12666442697434369/,https://i.pinimg.com/236x/04/4e/7b/044e7bb9a40164e607e08bca9bd7d3e8.jpg,049_theme.jpg,pottedplant,99.8,64,135,79,157,ok,
49,https://in.pinterest.com/pin/12666442697434369/,https://i.pinimg.com/236x/04/4e/7b/044e7bb9a40164e607e08bca9bd7d3e8.jpg,049_theme.jpg,bed,90,2,166,221,336,ok,
50,https://in.pinterest.com/pin/5699937023662639/,https://i.pinimg.com/236x/ac/ae/ee/acaeeec29bb8fe7bbdbd376e385435a8.jpg,050_theme.jpg,chair,83.5,114,186,229,315,ok,
51,https://in.pinterest.com/pin/2181499816012698/,https://i.pinimg.com/236x/ce/04/3e/ce043e278b520fee0fcc2c1ef3c43106.jpg,051_theme.jpg,pottedplant,100,147,106,191,144,ok,
51,https://in.pinterest.com/pin/2181499816012698/,https://i.pinimg.com/236x/ce/04/3e/ce043e278b520fee0fcc2c1ef3c43106.jpg,051_theme.jpg,bed,96.7,11,208,235,312,ok,
52,https://in.pinterest.com/pin/1048283250769414751/,https://i.pinimg.com/236x/40/69/30/406930c785c091ec300006fdbc9ce635.jpg,052_theme.jpg,sofa,99.2,2,218,234,379,ok,
53,https://in.pinterest.com/pin/1337074889511759/,https://i.pinimg.com/236x/02/6b/99/026b99cc791ba82eb61867e5426ad082.jpg,053_theme.jpg,pottedplant,100,10,134,71,240,ok,
53,https://in.pinterest.com/pin/1337074889511759/,https://i.pinimg.com/236x/02/6b/99/026b99cc791ba82eb61867e5426ad082.jpg,053_theme.jpg,pottedplant,100,202,135,235,185,ok,
53,https://in.pinterest.com/pin/1337074889511759/,https://i.pinimg.com/236x/02/6b/99/026b99cc791ba82eb61867e5426ad082.jpg,053_theme.jpg,pottedplant,99.9,0,196,23,249,ok,
53,https://in.pinterest.com/pin/1337074889511759/,https://i.pinimg.com/236x/02/6b/99/026b99cc791ba82eb61867e5426ad082.jpg,053_theme.jpg,bed,98.9,0,180,220,333,ok,
54,https://in.pinterest.com/pin/3729612268871382/,https://i.pinimg.com/236x/91/96/8e/91968ecb81e9f6ae58e452f9df376c65.jpg,054_theme.jpg,pottedplant,99.9,137,184,170,231,ok,
54,https://in.pinterest.com/pin/3729612268871382/,https://i.pinimg.com/236x/91/96/8e/91968ecb81e9f6ae58e452f9df376c65.jpg,054_theme.jpg,pottedplant,100,187,191,221,240,ok,
54,https://in.pinterest.com/pin/3729612268871382/,https://i.pinimg.com/236x/91/96/8e/91968ecb81e9f6ae58e452f9df376c65.jpg,054_theme.jpg,pottedplant,99.7,75,103,135,161,ok,
54,https://in.pinterest.com/pin/3729612268871382/,https://i.pinimg.com/236x/91/96/8e/91968ecb81e9f6ae58e452f9df376c65.jpg,054_theme.jpg,bed,99.9,3,235,212,386,ok,
54,https://in.pinterest.com/pin/3729612268871382/,https://i.pinimg.com/236x/91/96/8e/91968ecb81e9f6ae58e452f9df376c65.jpg,054_theme.jpg,book,100,79,165,84,188,ok,
54,https://in.pinterest.com/pin/3729612268871382/,https://i.pinimg.com/236x/91/96/8e/91968ecb81e9f6ae58e452f9df376c65.jpg,054_theme.jpg,book,100,95,164,99,187,ok,
54,https://in.pinterest.com/pin/3729612268871382/,https://i.pinimg.com/236x/91/96/8e/91968ecb81e9f6ae58e452f9df376c65.jpg,054_theme.jpg,book,100,55,105,59,126,ok,
54,https://in.pinterest.com/pin/3729612268871382/,https://i.pinimg.com/236x/91/96/8e/91968ecb81e9f6ae58e452f9df376c65.jpg,054_theme.jpg,book,100,87,166,92,186,ok,
54,https://in.pinterest.com/pin/3729612268871382/,https://i.pinimg.com/236x/91/96/8e/91968ecb81e9f6ae58e452f9df376c65.jpg,054_theme.jpg,book,100,62,106,68,127,ok,
54,https://in.pinterest.com/pin/3729612268871382/,https://i.pinimg.com/236x/91/96/8e/91968ecb81e9f6ae58e452f9df376c65.jpg,054_theme.jpg,book,100,47,103,51,126,ok,
55,https://in.pinterest.com/pin/192177109098278187/,https://i.pinimg.com/236x/6f/c0/9c/6fc09ca992f7e0ac28611f1344f337ee.jpg,055_theme.jpg,sofa,99.1,0,222,180,316,ok,
55,https://in.pinterest.com/pin/192177109098278187/,https://i.pinimg.com/236x/6f/c0/9c/6fc09ca992f7e0ac28611f1344f337ee.jpg,055_theme.jpg,pottedplant,99.9,17,148,49,220,ok,
55,https://in.pinterest.com/pin/192177109098278187/,https://i.pinimg.com/236x/6f/c0/9c/6fc09ca992f7e0ac28611f1344f337ee.jpg,055_theme.jpg,pottedplant,99.3,187,141,236,260,ok,
56,https://in.pinterest.com/pin/1067142074202719930/,https://i.pinimg.com/236x/c9/55/7e/c9557e7e617502d3f138e34be80e3768.jpg,056_theme.jpg,chair,75.9,182,311,211,337,ok,
56,https://in.pinterest.com/pin/1067142074202719930/,https://i.pinimg.com/236x/c9/55/7e/c9557e7e617502d3f138e34be80e3768.jpg,056_theme.jpg,sofa,80.2,0,303,35,331,ok,
56,https://in.pinterest.com/pin/1067142074202719930/,https://i.pinimg.com/236x/c9/55/7e/c9557e7e617502d3f138e34be80e3768.jpg,056_theme.jpg,sofa,90.6,80,297,140,335,ok,
57,https://in.pinterest.com/pin/211174978561102/,https://i.pinimg.com/236x/f4/5d/41/f45d415b08afb2fa7d1ad130c7f971c1.jpg,057_theme.jpg,sofa,100,46,184,231,259,ok,
57,https://in.pinterest.com/pin/211174978561102/,https://i.pinimg.com/236x/f4/5d/41/f45d415b08afb2fa7d1ad130c7f971c1.jpg,057_theme.jpg,pottedplant,100,0,175,61,302,ok,
57,https://in.pinterest.com/pin/211174978561102/,https://i.pinimg.com/236x/f4/5d/41/f45d415b08afb2fa7d1ad130c7f971c1.jpg,057_theme.jpg,remote,88.7,194,229,226,236,ok,
57,https://in.pinterest.com/pin/211174978561102/,https://i.pinimg.com/236x/f4/5d/41/f45d415b08afb2fa7d1ad130c7f971c1.jpg,057_theme.jpg,book,100,214,123,218,139,ok,
57,https://in.pinterest.com/pin/211174978561102/,https://i.pinimg.com/236x/f4/5d/41/f45d415b08afb2fa7d1ad130c7f971c1.jpg,057_theme.jpg,book,100,208,122,212,140,ok,
57,https://in.pinterest.com/pin/211174978561102/,https://i.pinimg.com/236x/f4/5d/41/f45d415b08afb2fa7d1ad130c7f971c1.jpg,057_theme.jpg,book,100,228,150,232,165,ok,
57,https://in.pinterest.com/pin/211174978561102/,https://i.pinimg.com/236x/f4/5d/41/f45d415b08afb2fa7d1ad130c7f971c1.jpg,057_theme.jpg,book,100,214,151,219,165,ok,
58,https://in.pinterest.com/pin/67694800643555488/,https://i.pinimg.com/236x/16/8e/b4/168eb490a2677502c208eaf1f14d9007.jpg,058_theme.jpg,sofa,99.4,0,146,235,343,ok,
58,https://in.pinterest.com/pin/67694800643555488/,https://i.pinimg.com/236x/16/8e/b4/168eb490a2677502c208eaf1f14d9007.jpg,058_theme.jpg,sofa,94.2,145,160,234,393,ok,
59,https://in.pinterest.com/pin/23503229301115162/,https://i.pinimg.com/236x/79/11/81/791181a3dc4cf40354b058efea031842.jpg,059_theme.jpg,chair,99.4,209,262,234,349,ok,
59,https://in.pinterest.com/pin/23503229301115162/,https://i.pinimg.com/236x/79/11/81/791181a3dc4cf40354b058efea031842.jpg,059_theme.jpg,sofa,89.8,1,233,92,354,ok,
59,https://in.pinterest.com/pin/23503229301115162/,https://i.pinimg.com/236x/79/11/81/791181a3dc4cf40354b058efea031842.jpg,059_theme.jpg,pottedplant,100,67,185,104,243,ok,
59,https://in.pinterest.com/pin/23503229301115162/,https://i.pinimg.com/236x/79/11/81/791181a3dc4cf40354b058efea031842.jpg,059_theme.jpg,pottedplant,100,42,130,65,187,ok,
59,https://in.pinterest.com/pin/23503229301115162/,https://i.pinimg.com/236x/79/11/81/791181a3dc4cf40354b058efea031842.jpg,059_theme.jpg,pottedplant,99.9,13,130,29,150,ok,
59,https://in.pinterest.com/pin/23503229301115162/,https://i.pinimg.com/236x/79/11/81/791181a3dc4cf40354b058efea031842.jpg,059_theme.jpg,tvmonitor,99.8,11,186,57,219,ok,
60,https://in.pinterest.com/pin/34832597115641765/,https://i.pinimg.com/236x/b1/e1/03/b1e1038b30468b8a48e106ca312db0f6.jpg,060_theme.jpg,chair,81.5,192,255,234,410,ok,
60,https://in.pinterest.com/pin/34832597115641765/,https://i.pinimg.com/236x/b1/e1/03/b1e1038b30468b8a48e106ca312db0f6.jpg,060_theme.jpg,chair,93.9,0,291,44,401,ok,
61,https://in.pinterest.com/pin/346566133849717803/,https://i.pinimg.com/236x/2a/c5/ee/2ac5eee4a42827cd649d5493da31ecfd.jpg,061_theme.jpg,chair,99.4,85,80,113,126,ok,
61,https://in.pinterest.com/pin/346566133849717803/,https://i.pinimg.com/236x/2a/c5/ee/2ac5eee4a42827cd649d5493da31ecfd.jpg,061_theme.jpg,pottedplant,100,0,193,32,236,ok,
62,https://in.pinterest.com/pin/10344274146396757/,https://i.pinimg.com/236x/3e/60/97/3e6097a85d2f3ecdc34f845c1c6c03e9.jpg,062_theme.jpg,chair,92,159,282,210,334,ok,
62,https://in.pinterest.com/pin/10344274146396757/,https://i.pinimg.com/236x/3e/60/97/3e6097a85d2f3ecdc34f845c1c6c03e9.jpg,062_theme.jpg,sofa,87.8,13,283,105,350,ok,
62,https://in.pinterest.com/pin/10344274146396757/,https://i.pinimg.com/236x/3e/60/97/3e6097a85d2f3ecdc34f845c1c6c03e9.jpg,062_theme.jpg,clock,100,81,155,105,181,ok,
62,https://in.pinterest.com/pin/10344274146396757/,https://i.pinimg.com/236x/3e/60/97/3e6097a85d2f3ecdc34f845c1c6c03e9.jpg,062_theme.jpg,clock,99.9,122,115,149,146,ok,
62,https://in.pinterest.com/pin/10344274146396757/,https://i.pinimg.com/236x/3e/60/97/3e6097a85d2f3ecdc34f845c1c6c03e9.jpg,062_theme.jpg,clock,99.9,189,74,207,93,ok,
63,https://in.pinterest.com/pin/322077810872157362/,https://i.pinimg.com/236x/9f/f0/b0/9ff0b040a69ec4753cb5f73b1c3885c1.jpg,063_theme.jpg,chair,93.8,205,271,235,342,ok,
63,https://in.pinterest.com/pin/322077810872157362/,https://i.pinimg.com/236x/9f/f0/b0/9ff0b040a69ec4753cb5f73b1c3885c1.jpg,063_theme.jpg,chair,47.1,0,301,56,343,ok,
63,https://in.pinterest.com/pin/322077810872157362/,https://i.pinimg.com/236x/9f/f0/b0/9ff0b040a69ec4753cb5f73b1c3885c1.jpg,063_theme.jpg,pottedplant,100,30,48,61,98,ok,
63,https://in.pinterest.com/pin/322077810872157362/,https://i.pinimg.com/236x/9f/f0/b0/9ff0b040a69ec4753cb5f73b1c3885c1.jpg,063_theme.jpg,pottedplant,99.4,55,161,82,204,ok,
63,https://in.pinterest.com/pin/322077810872157362/,https://i.pinimg.com/236x/9f/f0/b0/9ff0b040a69ec4753cb5f73b1c3885c1.jpg,063_theme.jpg,pottedplant,99.9,135,222,187,299,ok,
63,https://in.pinterest.com/pin/322077810872157362/,https://i.pinimg.com/236x/9f/f0/b0/9ff0b040a69ec4753cb5f73b1c3885c1.jpg,063_theme.jpg,pottedplant,99.9,175,86,200,116,ok,
63,https://in.pinterest.com/pin/322077810872157362/,https://i.pinimg.com/236x/9f/f0/b0/9ff0b040a69ec4753cb5f73b1c3885c1.jpg,063_theme.jpg,pottedplant,99.8,216,57,236,96,ok,
63,https://in.pinterest.com/pin/322077810872157362/,https://i.pinimg.com/236x/9f/f0/b0/9ff0b040a69ec4753cb5f73b1c3885c1.jpg,063_theme.jpg,book,100,27,111,32,143,ok,
63,https://in.pinterest.com/pin/322077810872157362/,https://i.pinimg.com/236x/9f/f0/b0/9ff0b040a69ec4753cb5f73b1c3885c1.jpg,063_theme.jpg,book,100,39,116,45,143,ok,
63,https://in.pinterest.com/pin/322077810872157362/,https://i.pinimg.com/236x/9f/f0/b0/9ff0b040a69ec4753cb5f73b1c3885c1.jpg,063_theme.jpg,book,100,131,140,137,172,ok,
63,https://in.pinterest.com/pin/322077810872157362/,https://i.pinimg.com/236x/9f/f0/b0/9ff0b040a69ec4753cb5f73b1c3885c1.jpg,063_theme.jpg,book,99.9,19,158,26,188,ok,
63,https://in.pinterest.com/pin/322077810872157362/,https://i.pinimg.com/236x/9f/f0/b0/9ff0b040a69ec4753cb5f73b1c3885c1.jpg,063_theme.jpg,book,100,135,89,162,99,ok,
63,https://in.pinterest.com/pin/322077810872157362/,https://i.pinimg.com/236x/9f/f0/b0/9ff0b040a69ec4753cb5f73b1c3885c1.jpg,063_theme.jpg,book,99.8,96,32,203,251,ok,
63,https://in.pinterest.com/pin/322077810872157362/,https://i.pinimg.com/236x/9f/f0/b0/9ff0b040a69ec4753cb5f73b1c3885c1.jpg,063_theme.jpg,book,100,124,139,132,172,ok,
63,https://in.pinterest.com/pin/322077810872157362/,https://i.pinimg.com/236x/9f/f0/b0/9ff0b040a69ec4753cb5f73b1c3885c1.jpg,063_theme.jpg,book,100,32,113,38,143,ok,
63,https://in.pinterest.com/pin/322077810872157362/,https://i.pinimg.com/236x/9f/f0/b0/9ff0b040a69ec4753cb5f73b1c3885c1.jpg,063_theme.jpg,book,100,127,103,157,113,ok,
63,https://in.pinterest.com/pin/322077810872157362/,https://i.pinimg.com/236x/9f/f0/b0/9ff0b040a69ec4753cb5f73b1c3885c1.jpg,063_theme.jpg,book,100,72,115,77,144,ok,
63,https://in.pinterest.com/pin/322077810872157362/,https://i.pinimg.com/236x/9f/f0/b0/9ff0b040a69ec4753cb5f73b1c3885c1.jpg,063_theme.jpg,vase,99.8,146,261,170,301,ok,
63,https://in.pinterest.com/pin/322077810872157362/,https://i.pinimg.com/236x/9f/f0/b0/9ff0b040a69ec4753cb5f73b1c3885c1.jpg,063_theme.jpg,vase,99.6,160,148,176,170,ok,
63,https://in.pinterest.com/pin/322077810872157362/,https://i.pinimg.com/236x/9f/f0/b0/9ff0b040a69ec4753cb5f73b1c3885c1.jpg,063_theme.jpg,vase,76.7,180,104,192,115,ok,
64,https://in.pinterest.com/pin/6051780745339685/,https://i.pinimg.com/236x/14/99/51/149951b1acf7110ad597627b698a671d.jpg,064_theme.jpg,chair,97.2,0,214,136,389,ok,
64,https://in.pinterest.com/pin/6051780745339685/,https://i.pinimg.com/236x/14/99/51/149951b1acf7110ad597627b698a671d.jpg,064_theme.jpg,vase,99.3,182,264,219,323,ok,
65,https://in.pinterest.com/pin/5770305769132225/,https://i.pinimg.com/236x/5e/06/a4/5e06a438a9670d05d040f46ed73381a5.jpg,065_theme.jpg,chair,99.1,204,265,235,322,ok,
65,https://in.pinterest.com/pin/5770305769132225/,https://i.pinimg.com/236x/5e/06/a4/5e06a438a9670d05d040f46ed73381a5.jpg,065_theme.jpg,pottedplant,100,183,170,232,218,ok,
65,https://in.pinterest.com/pin/5770305769132225/,https://i.pinimg.com/236x/5e/06/a4/5e06a438a9670d05d040f46ed73381a5.jpg,065_theme.jpg,bed,95.2,0,191,131,338,ok,
65,https://in.pinterest.com/pin/5770305769132225/,https://i.pinimg.com/236x/5e/06/a4/5e06a438a9670d05d040f46ed73381a5.jpg,065_theme.jpg,vase,99.1,200,198,216,218,ok,
66,https://in.pinterest.com/pin/3729612224433618/,https://i.pinimg.com/236x/2e/20/b8/2e20b854fc40c92970a0917890acb686.jpg,066_theme.jpg,pottedplant,99.8,31,57,57,112,ok,
66,https://in.pinterest.com/pin/3729612224433618/,https://i.pinimg.com/236x/2e/20/b8/2e20b854fc40c92970a0917890acb686.jpg,066_theme.jpg,pottedplant,100,25,193,66,279,ok,
67,https://in.pinterest.com/pin/13088655161658643/,https://i.pinimg.com/236x/43/b3/b3/43b3b3454f3ad9b997338fa677fffc6b.jpg,067_theme.jpg,,,,,,,no_detections,
68,https://in.pinterest.com/pin/16958936096777255/,https://i.pinimg.com/236x/ce/b6/eb/ceb6ebb9ba131809a6f807b53a0f6fad.jpg,068_theme.jpg,chair,96,63,202,213,359,ok,
68,https://in.pinterest.com/pin/16958936096777255/,https://i.pinimg.com/236x/ce/b6/eb/ceb6ebb9ba131809a6f807b53a0f6fad.jpg,068_theme.jpg,pottedplant,99.9,1,83,47,128,ok,
68,https://in.pinterest.com/pin/16958936096777255/,https://i.pinimg.com/236x/ce/b6/eb/ceb6ebb9ba131809a6f807b53a0f6fad.jpg,068_theme.jpg,book,100,38,239,44,263,ok,
68,https://in.pinterest.com/pin/16958936096777255/,https://i.pinimg.com/236x/ce/b6/eb/ceb6ebb9ba131809a6f807b53a0f6fad.jpg,068_theme.jpg,book,99.5,26,217,54,230,ok,
68,https://in.pinterest.com/pin/16958936096777255/,https://i.pinimg.com/236x/ce/b6/eb/ceb6ebb9ba131809a6f807b53a0f6fad.jpg,068_theme.jpg,book,100,71,204,76,227,ok,
68,https://in.pinterest.com/pin/16958936096777255/,https://i.pinimg.com/236x/ce/b6/eb/ceb6ebb9ba131809a6f807b53a0f6fad.jpg,068_theme.jpg,book,100,53,238,60,258,ok,
68,https://in.pinterest.com/pin/16958936096777255/,https://i.pinimg.com/236x/ce/b6/eb/ceb6ebb9ba131809a6f807b53a0f6fad.jpg,068_theme.jpg,clock,99.4,55,173,74,195,ok,
68,https://in.pinterest.com/pin/16958936096777255/,https://i.pinimg.com/236x/ce/b6/eb/ceb6ebb9ba131809a6f807b53a0f6fad.jpg,068_theme.jpg,clock,100,113,124,134,147,ok,
69,https://in.pinterest.com/pin/38069559344054625/,https://i.pinimg.com/236x/48/20/83/48208373dff96f4c198cf105d04991b9.jpg,069_theme.jpg,chair,89.3,125,208,235,354,ok,
70,https://in.pinterest.com/pin/3096293491051566/,https://i.pinimg.com/236x/4b/f9/b8/4bf9b8ac8f18c8e2f959d291f962769a.jpg,070_theme.jpg,chair,89.8,24,225,121,304,ok,
70,https://in.pinterest.com/pin/3096293491051566/,https://i.pinimg.com/236x/4b/f9/b8/4bf9b8ac8f18c8e2f959d291f962769a.jpg,070_theme.jpg,chair,86.7,170,233,236,333,ok,
70,https://in.pinterest.com/pin/3096293491051566/,https://i.pinimg.com/236x/4b/f9/b8/4bf9b8ac8f18c8e2f959d291f962769a.jpg,070_theme.jpg,pottedplant,99.9,92,203,127,251,ok,
70,https://in.pinterest.com/pin/3096293491051566/,https://i.pinimg.com/236x/4b/f9/b8/4bf9b8ac8f18c8e2f959d291f962769a.jpg,070_theme.jpg,book,99.7,195,334,236,349,ok,
70,https://in.pinterest.com/pin/3096293491051566/,https://i.pinimg.com/236x/4b/f9/b8/4bf9b8ac8f18c8e2f959d291f962769a.jpg,070_theme.jpg,clock,100,158,93,202,135,ok,
71,https://in.pinterest.com/pin/633387443893726/,https://i.pinimg.com/236x/73/1a/7f/731a7f76d8a52e587769bbf1fecf038e.jpg,071_theme.jpg,cup,58.5,164,90,191,106,ok,
71,https://in.pinterest.com/pin/633387443893726/,https://i.pinimg.com/236x/73/1a/7f/731a7f76d8a52e587769bbf1fecf038e.jpg,071_theme.jpg,chair,94.3,136,223,235,291,ok,
71,https://in.pinterest.com/pin/633387443893726/,https://i.pinimg.com/236x/73/1a/7f/731a7f76d8a52e587769bbf1fecf038e.jpg,071_theme.jpg,vase,99.8,209,156,235,193,ok,
72,https://in.pinterest.com/pin/22518066881179862/,https://i.pinimg.com/236x/22/6c/cb/226ccb77c32bbb1b175ed699cfad6952.jpg,072_theme.jpg,chair,98.6,218,280,236,324,ok,
72,https://in.pinterest.com/pin/22518066881179862/,https://i.pinimg.com/236x/22/6c/cb/226ccb77c32bbb1b175ed699cfad6952.jpg,072_theme.jpg,sofa,89.8,0,287,52,344,ok,
72,https://in.pinterest.com/pin/22518066881179862/,https://i.pinimg.com/236x/22/6c/cb/226ccb77c32bbb1b175ed699cfad6952.jpg,072_theme.jpg,sofa,97.5,90,287,151,346,ok,
72,https://in.pinterest.com/pin/22518066881179862/,https://i.pinimg.com/236x/22/6c/cb/226ccb77c32bbb1b175ed699cfad6952.jpg,072_theme.jpg,pottedplant,99.8,76,268,98,287,ok,
72,https://in.pinterest.com/pin/22518066881179862/,https://i.pinimg.com/236x/22/6c/cb/226ccb77c32bbb1b175ed699cfad6952.jpg,072_theme.jpg,pottedplant,99.8,208,67,226,103,ok,
72,https://in.pinterest.com/pin/22518066881179862/,https://i.pinimg.com/236x/22/6c/cb/226ccb77c32bbb1b175ed699cfad6952.jpg,072_theme.jpg,pottedplant,98.6,153,242,169,265,ok,
72,https://in.pinterest.com/pin/22518066881179862/,https://i.pinimg.com/236x/22/6c/cb/226ccb77c32bbb1b175ed699cfad6952.jpg,072_theme.jpg,vase,96.7,62,306,71,315,ok,
73,https://in.pinterest.com/pin/58617232657359660/,https://i.pinimg.com/236x/f5/5b/0d/f55b0dacc0057b54e42e5ea08db39724.jpg,073_theme.jpg,book,97.8,2,85,229,273,ok,
74,https://in.pinterest.com/pin/914862420935895/,https://i.pinimg.com/236x/a7/77/6e/a7776e84d95a97e24182fb5df62669d3.jpg,074_theme.jpg,chair,97.3,61,144,114,194,ok,
74,https://in.pinterest.com/pin/914862420935895/,https://i.pinimg.com/236x/a7/77/6e/a7776e84d95a97e24182fb5df62669d3.jpg,074_theme.jpg,sofa,99.5,90,136,235,322,ok,
74,https://in.pinterest.com/pin/914862420935895/,https://i.pinimg.com/236x/a7/77/6e/a7776e84d95a97e24182fb5df62669d3.jpg,074_theme.jpg,pottedplant,99.8,93,103,136,173,ok,
74,https://in.pinterest.com/pin/914862420935895/,https://i.pinimg.com/236x/a7/77/6e/a7776e84d95a97e24182fb5df62669d3.jpg,074_theme.jpg,tvmonitor,100,0,111,34,157,ok,
74,https://in.pinterest.com/pin/914862420935895/,https://i.pinimg.com/236x/a7/77/6e/a7776e84d95a97e24182fb5df62669d3.jpg,074_theme.jpg,book,100,159,154,163,169,ok,
74,https://in.pinterest.com/pin/914862420935895/,https://i.pinimg.com/236x/a7/77/6e/a7776e84d95a97e24182fb5df62669d3.jpg,074_theme.jpg,book,100,158,135,163,150,ok,
74,https://in.pinterest.com/pin/914862420935895/,https://i.pinimg.com/236x/a7/77/6e/a7776e84d95a97e24182fb5df62669d3.jpg,074_theme.jpg,book,100,138,134,143,147,ok,
74,https://in.pinterest.com/pin/914862420935895/,https://i.pinimg.com/236x/a7/77/6e/a7776e84d95a97e24182fb5df62669d3.jpg,074_theme.jpg,book,100,152,154,156,168,ok,
74,https://in.pinterest.com/pin/914862420935895/,https://i.pinimg.com/236x/a7/77/6e/a7776e84d95a97e24182fb5df62669d3.jpg,074_theme.jpg,book,100,159,114,163,129,ok,
74,https://in.pinterest.com/pin/914862420935895/,https://i.pinimg.com/236x/a7/77/6e/a7776e84d95a97e24182fb5df62669d3.jpg,074_theme.jpg,book,100,152,134,156,149,ok,
74,https://in.pinterest.com/pin/914862420935895/,https://i.pinimg.com/236x/a7/77/6e/a7776e84d95a97e24182fb5df62669d3.jpg,074_theme.jpg,book,100,145,135,149,148,ok,
74,https://in.pinterest.com/pin/914862420935895/,https://i.pinimg.com/236x/a7/77/6e/a7776e84d95a97e24182fb5df62669d3.jpg,074_theme.jpg,book,100,146,114,149,128,ok,
75,https://in.pinterest.com/pin/1055599908555989/,https://i.pinimg.com/236x/00/a4/49/00a4490e33dcc9d22e6d9d86cf5ac260.jpg,075_theme.jpg,chair,99,72,216,96,254,ok,
75,https://in.pinterest.com/pin/1055599908555989/,https://i.pinimg.com/236x/00/a4/49/00a4490e33dcc9d22e6d9d86cf5ac260.jpg,075_theme.jpg,chair,99.2,96,218,120,255,ok,
75,https://in.pinterest.com/pin/1055599908555989/,https://i.pinimg.com/236x/00/a4/49/00a4490e33dcc9d22e6d9d86cf5ac260.jpg,075_theme.jpg,sofa,97.7,116,221,210,277,ok,
